{"original": {"cpu_memory": 15.565109252929688, "gpu_memory": 0.0, "latency": 8.127186799049378, "perplexity": 3.0496013164520264, "model_memory_footprint": 15284318208.0}, "8bit": {"cpu_memory": 3.2395668029785156, "gpu_memory": 3.777608871459961, "latency": 2.3597543001174928, "perplexity": 3.1266188621520996, "model_memory_footprint": 4018286592.0}, "4bit": {"cpu_memory": 3.762920379638672, "gpu_memory": 2.279745101928711, "latency": 1.164965558052063, "perplexity": 3.312988042831421, "model_memory_footprint": 2206347264.0}}