{"nf4": {"cpu_memory": 4.942409515380859, "gpu_memory": 0.7774267196655273, "latency": 1.4795819044113159, "perplexity": 3.1734824180603027, "model_memory_footprint": 2206347264.0}}